Date,Price,Open,High,Low,Vol.,Change %
1/3/2022,11.25,11.02,11.47,10.77,2.23M,3.88%
1/4/2022,11.48,11.37,11.62,11.11,1.75M,2.04%
1/5/2022,11.92,11.49,12.56,11.39,4.41M,3.83%
1/6/2022,12.17,12,12.41,11.2,4.40M,2.10%
1/7/2022,11.62,11.89,12.1,11.56,1.98M,-4.52%
1/10/2022,12.09,11.64,12.4,11.3,3.44M,4.04%
1/11/2022,12.15,12.16,12.52,11.95,4.60M,0.50%
1/12/2022,12.73,12.2,13.09,11.98,6.53M,4.77%
1/13/2022,12.33,12.81,12.91,12.11,2.29M,-3.14%
1/14/2022,12.3,12.11,12.85,11.61,3.86M,-0.24%
1/18/2022,12.9,12.47,13.68,11.8,8.26M,4.88%
1/19/2022,12.62,13.2,13.49,12.53,4.10M,-2.17%
1/20/2022,12.2,12.7,12.93,12.13,5.50M,-3.33%
1/21/2022,11.86,12.19,12.38,11.5,2.70M,-2.79%
1/24/2022,12.02,11.47,12.03,11.01,4.94M,1.35%
1/25/2022,11.67,11.9,12.15,11.62,1.61M,-2.91%
1/26/2022,11.35,11.88,12.06,11.21,1.53M,-2.74%
1/27/2022,11.12,11.5,11.59,10.93,1.56M,-2.03%
1/28/2022,11.48,11.2,11.55,10.93,1.19M,3.24%
1/31/2022,11.65,11.54,11.93,11.33,1.62M,1.48%
2/1/2022,11.93,11.73,11.96,11.29,4.08M,2.40%
2/2/2022,11.8,12.05,12.05,11.55,1.66M,-1.09%
2/3/2022,12.02,11.62,12.87,11.55,8.02M,1.86%
2/4/2022,12.77,12.13,12.8,11.97,4.90M,6.24%
2/7/2022,15.09,13.27,18.52,13.21,64.34M,18.17%
2/8/2022,16.35,15.27,17,14.04,27.25M,8.35%
2/9/2022,14.09,16.49,16.72,13.32,17.28M,-13.82%
2/10/2022,14.12,13.54,15.14,13.37,5.12M,0.21%
2/11/2022,14.37,14.1,15.12,13.57,4.01M,1.77%
2/14/2022,14.54,14.36,15.44,14.1,3.18M,1.18%
2/15/2022,15,14.99,16,14.81,3.73M,3.16%
2/16/2022,15.61,15.34,15.83,15.03,3.03M,4.07%
2/17/2022,15.18,15.6,15.77,14.76,3.84M,-2.75%
2/18/2022,14.13,15.19,15.42,13.55,3.84M,-6.92%
2/22/2022,13.14,14.68,14.69,12.9,4.72M,-7.01%
2/23/2022,12.74,13.28,13.64,12.57,2.52M,-3.04%
2/24/2022,12.6,11.81,12.68,11.75,1.93M,-1.10%
2/25/2022,12.72,12.53,12.94,12.05,1.57M,0.95%
2/28/2022,12.37,12.55,12.8,12.25,1.08M,-2.75%
3/1/2022,11.88,12.25,12.41,11.77,1.82M,-3.96%
3/2/2022,12.3,11.95,12.48,11.92,1.54M,3.54%
3/3/2022,12.77,12.38,13.09,12.32,1.94M,3.82%
3/4/2022,12.37,12.6,12.89,11.95,1.23M,-3.13%
3/7/2022,11.34,12.05,12.1,11.21,2.10M,-8.33%
3/8/2022,11.51,11.17,11.88,10.9,2.24M,1.50%
3/9/2022,11.66,11.74,11.94,11.48,749.69K,1.30%
3/10/2022,11.43,11.49,11.7,11.21,1.16M,-1.97%
3/11/2022,11.71,11.52,12.2,11.25,1.50M,2.45%
3/14/2022,11.43,11.72,11.74,11.05,1.20M,-2.39%
3/15/2022,11.35,11.36,11.39,11.06,889.77K,-0.70%
3/16/2022,11.4,11.29,11.67,11.06,1.16M,0.44%
3/17/2022,11.4,11.38,11.52,11.22,538.66K,0.00%
3/18/2022,11.76,11.28,12.04,11.28,1.48M,3.16%
3/21/2022,11.78,11.78,11.98,11.32,1.23M,0.17%
3/22/2022,11.84,11.67,12.16,11.67,1.23M,0.51%
3/23/2022,11.57,11.77,11.89,11.5,732.87K,-2.28%
3/24/2022,11.8,11.5,12.32,11.28,2.00M,1.99%
3/25/2022,11.68,11.84,11.98,11.5,590.64K,-1.02%
3/28/2022,11.54,11.58,11.65,11.41,532.55K,-1.20%
3/29/2022,11.72,11.54,11.85,11.41,1.01M,1.56%
3/30/2022,11.8,11.7,12.41,11.55,2.51M,0.68%
3/31/2022,11.87,11.75,12.2,11.56,1.87M,0.59%
4/1/2022,11.59,11.77,12.16,11.36,1.62M,-2.36%
4/4/2022,11.48,11.3,11.48,11.22,1.08M,-0.95%
4/5/2022,11.16,11.39,11.46,10.86,1.46M,-2.79%
4/6/2022,11.47,11,11.55,10.96,981.56K,2.78%
4/7/2022,11.34,11.5,11.51,11.21,599.98K,-1.13%
4/8/2022,11.34,11.35,11.5,11.26,384.11K,0.00%
4/11/2022,11.29,11.22,11.35,11.15,375.61K,-0.44%
4/12/2022,11.33,11.2,11.53,11.14,1.15M,0.35%
4/13/2022,11.3,11.35,11.39,11.12,585.71K,-0.26%
4/14/2022,11.33,11.33,11.4,11.3,621.53K,0.27%
4/18/2022,11.16,11.25,11.27,11.13,554.95K,-1.50%
4/19/2022,11.32,11.16,11.47,11.13,552.73K,1.43%
4/20/2022,11.26,11.37,11.37,11.21,341.45K,-0.53%
4/21/2022,10.94,11.2,11.28,10.82,836.24K,-2.84%
4/22/2022,11.48,11.1,11.48,10.91,929.36K,4.94%
4/25/2022,11.06,11.47,11.48,10.96,1.06M,-3.66%
4/26/2022,11.29,11.04,11.34,10.94,1.40M,2.08%
4/27/2022,11.82,11.3,11.84,11.26,2.21M,4.69%
4/28/2022,11.73,11.93,11.94,11.43,814.03K,-0.76%
4/29/2022,12.48,11.94,12.49,11.72,1.74M,6.39%
5/2/2022,11.87,12.34,12.4,11.68,1.03M,-4.89%
5/3/2022,11.56,11.9,12.06,11.51,464.97K,-2.61%
5/4/2022,11.74,11.63,11.79,11.28,933.32K,1.56%
5/5/2022,11.64,11.72,11.75,11.29,394.01K,-0.85%
5/6/2022,11.7,11.59,12.28,11.3,1.93M,0.52%
5/9/2022,11.23,11.35,11.53,11.11,737.26K,-4.02%
5/10/2022,11.26,11.22,11.35,10.9,741.83K,0.27%
5/11/2022,10.88,11.07,11.26,10.85,524.03K,-3.37%
5/12/2022,10.79,10.75,10.99,10.13,1.75M,-0.83%
5/13/2022,10.97,10.9,11.04,10.74,602.46K,1.67%
5/16/2022,10.84,10.98,11.03,10.79,334.22K,-1.19%
5/17/2022,10.99,10.95,11.1,10.72,578.49K,1.38%
5/18/2022,10.85,10.78,10.95,10.7,275.33K,-1.27%
5/19/2022,10.97,10.7,11,10.33,845.18K,1.11%
5/20/2022,11.12,10.89,11.14,10.82,455.67K,1.37%
5/23/2022,11,11.14,11.14,10.93,296.48K,-1.08%
5/24/2022,10.81,10.83,10.95,10.78,282.01K,-1.73%
5/25/2022,10.78,10.72,10.87,10.72,198.45K,-0.28%
5/26/2022,10.77,10.71,10.89,10.71,266.78K,-0.09%
5/27/2022,10.7,10.78,10.83,10.61,413.76K,-0.65%
5/31/2022,10.63,10.6,10.67,10.52,289.14K,-0.65%
6/1/2022,10.79,10.55,10.87,10.49,456.22K,1.51%
6/2/2022,10.64,10.71,10.82,10.58,390.74K,-1.39%
6/3/2022,10.55,10.56,10.68,10.52,216.59K,-0.85%
6/6/2022,10.55,10.52,10.69,10.45,597.97K,0.00%
6/7/2022,10.48,10.5,10.59,10.45,225.07K,-0.66%
6/8/2022,10.4,10.48,10.49,10.32,248.83K,-0.76%
6/9/2022,10.3,10.28,10.41,10.27,319.30K,-0.96%
6/10/2022,10.24,10.26,10.31,10.16,415.69K,-0.58%
6/13/2022,10.13,10.11,10.15,10.06,832.23K,-1.07%
6/14/2022,10.08,10.08,10.13,10.06,624.26K,-0.49%
6/15/2022,10.14,10.07,10.17,10.07,578.87K,0.60%
6/16/2022,10.07,10.09,10.1,10.06,464.18K,-0.69%
6/17/2022,10.09,10.08,10.13,10.06,816.66K,0.20%
6/21/2022,10.08,10.09,10.14,10.07,452.19K,-0.10%
6/22/2022,10.09,10.09,10.1,10.06,350.42K,0.10%
6/23/2022,10.05,10.07,10.1,10.04,421.64K,-0.40%
6/24/2022,10.07,10.05,10.09,10.02,348.35K,0.20%
6/27/2022,10.06,10.04,10.07,10.04,323.07K,-0.10%
6/28/2022,10.04,10.08,10.1,10.04,575.96K,-0.20%
6/29/2022,9.98,10.04,10.04,9.96,776.38K,-0.60%
6/30/2022,9.97,9.95,10.03,9.95,611.91K,-0.10%
7/1/2022,9.99,9.98,10.01,9.96,207.81K,0.20%
7/5/2022,10.01,9.95,10.05,9.93,601.06K,0.20%
7/6/2022,9.95,10,10.02,9.93,560.53K,-0.60%
7/7/2022,9.99,9.95,10.01,9.95,594.72K,0.40%
7/8/2022,10.01,10,10.01,9.98,628.60K,0.20%
7/11/2022,10.17,10.1,10.27,10.07,2.21M,1.60%
7/12/2022,10.11,10.09,10.19,10.03,935.24K,-0.59%
7/13/2022,10.06,10.1,10.15,10.04,369.70K,-0.49%
7/14/2022,10.12,10.02,10.14,10.01,1.48M,0.60%
7/15/2022,10.06,10.11,10.17,10.05,1.12M,-0.59%
7/18/2022,10.04,10.05,10.07,10.03,432.34K,-0.20%
7/19/2022,10.08,10.03,10.1,10.03,424.26K,0.40%
7/20/2022,10.03,10.06,10.09,10,787.60K,-0.50%
7/21/2022,10.09,10.05,10.15,10.01,1.85M,0.60%
7/22/2022,10.06,10.09,10.09,10.04,217.06K,-0.30%
7/25/2022,10.02,10.07,10.07,10.02,516.34K,-0.40%
7/26/2022,10.04,10.04,10.06,10.01,398.58K,0.20%
7/27/2022,10.03,10.02,10.04,10.01,316.96K,-0.10%
7/28/2022,10.04,10.02,10.05,10.02,267.54K,0.10%
7/29/2022,10.04,10.03,10.06,10.02,347.98K,0.00%
8/1/2022,10.04,10.05,10.06,10.03,233.34K,0.00%
8/2/2022,10.05,10.03,10.15,10.03,1.06M,0.10%
8/3/2022,10.04,10.03,10.12,10.02,1.60M,-0.10%
8/4/2022,10.05,10.06,10.09,10.04,1.07M,0.10%
8/5/2022,10.04,10.04,10.05,10.02,1.01M,-0.10%
8/8/2022,10.03,10.02,10.05,10.02,1.33M,-0.10%
8/9/2022,10.02,10.03,10.04,10.01,434.15K,-0.10%
8/10/2022,10.04,10.02,10.04,10.02,221.57K,0.20%
8/11/2022,10.03,10.03,10.05,10.03,770.59K,-0.10%
8/12/2022,10.22,10.1,10.25,10.08,2.36M,1.89%
8/15/2022,10.24,10.22,10.43,10.17,1.25M,0.20%
8/16/2022,10.16,10.24,10.34,10.13,1.32M,-0.78%
8/17/2022,10.19,10.2,10.22,10.11,1.20M,0.30%
8/18/2022,10.16,10.18,10.2,10.1,522.83K,-0.29%
8/19/2022,10.11,10.15,10.16,10.1,657.04K,-0.49%
8/22/2022,10.06,10.12,10.12,10.05,493.86K,-0.49%
8/23/2022,10.14,10.1,10.22,10.08,1.39M,0.80%
8/24/2022,10.14,10.13,10.17,10.12,629.94K,0.00%
8/25/2022,10.09,10.14,10.15,10.09,321.45K,-0.49%
8/26/2022,10.08,10.12,10.13,10.06,840.94K,-0.10%
8/29/2022,11.79,10.36,11.88,10.17,15.19M,16.96%
8/30/2022,10.95,11.49,11.64,10.62,5.55M,-7.12%
8/31/2022,11.33,10.96,11.41,10.77,3.07M,3.47%
9/1/2022,11.22,11.11,11.31,10.91,1.75M,-0.97%
9/2/2022,11.75,11.26,11.94,11.26,3.34M,4.72%
9/6/2022,13.35,12.51,13.72,12.05,7.52M,13.62%
9/7/2022,12.87,13.06,13.56,12.43,3.63M,-3.60%
9/8/2022,12.27,12.89,13,11.85,2.46M,-4.66%
9/9/2022,11.98,12.09,12.23,11.12,2.43M,-2.36%
9/12/2022,12.04,12.25,12.5,11.9,1.94M,0.50%
9/13/2022,12.94,11.58,12.97,11.56,2.62M,7.48%
9/14/2022,13.88,13.25,14.34,12.98,3.47M,7.26%
9/15/2022,11.62,14.13,14.45,11.26,7.49M,-16.28%
9/16/2022,12.04,11.78,12.5,11.52,2.83M,3.61%
9/19/2022,16.81,12.44,17.23,12.03,19.73M,39.62%
9/20/2022,12.79,15.85,15.99,12.51,11.55M,-23.91%
9/21/2022,12.16,12.75,13.44,11.57,6.07M,-4.93%
9/22/2022,13.25,12.95,13.69,12.11,5.78M,8.96%
9/23/2022,12.03,13.2,13.64,11.88,3.12M,-9.21%
9/26/2022,12.19,12.7,12.97,12.07,2.78M,1.33%
9/27/2022,11.66,12.44,12.85,11.33,3.17M,-4.35%
9/28/2022,12.99,12.02,13.31,12.01,3.63M,11.41%
9/29/2022,12.44,13.11,13.3,12.04,1.83M,-4.23%
9/30/2022,12.25,12.6,12.6,12.06,938.48K,-1.53%
10/3/2022,12.29,12.54,12.79,12.25,1.27M,0.33%
10/4/2022,13.48,12.45,13.53,12.06,3.03M,9.68%
10/5/2022,12.67,12.81,13.25,12.52,1.73M,-6.01%
10/6/2022,12.21,12.5,12.78,12.11,1.54M,-3.63%
10/7/2022,12.27,12.03,12.31,11.68,1.62M,0.49%
10/10/2022,12,12.28,12.31,11.85,644.38K,-2.20%
10/11/2022,11.76,11.98,11.99,11.6,1.06M,-2.00%
10/12/2022,10.21,11.61,11.75,10.11,2.27M,-13.18%
10/13/2022,9.94,10.2,10.5,9.25,3.16M,-2.64%
10/14/2022,9.3,10.03,10.13,9.27,1.73M,-6.44%
10/17/2022,8.71,9.6,9.68,8.65,2.65M,-6.34%
10/18/2022,9.12,8.75,9.44,8.51,2.01M,4.71%
10/19/2022,8.16,8.5,8.59,8.05,1.99M,-10.53%
10/20/2022,7.1,8.2,8.21,6.35,6.61M,-12.99%
10/21/2022,7.28,7.42,7.91,6.92,2.38M,2.54%
10/24/2022,7.16,7.55,7.67,7.08,1.49M,-1.65%
10/25/2022,8.48,7.47,8.67,7.38,2.97M,18.44%
10/26/2022,10.01,9.11,10.16,9,4.48M,18.04%
10/27/2022,10.35,10.32,10.44,9.57,2.70M,3.40%
10/28/2022,11.52,10.4,12.24,10.39,5.26M,11.30%
10/31/2022,12.15,11.98,12.65,11.32,3.67M,5.47%
11/1/2022,13.3,12.45,13.46,12.06,3.64M,9.47%
11/2/2022,11.79,13.42,13.43,11.01,5.30M,-11.35%
11/3/2022,12.27,11.5,12.43,11.27,1.93M,4.07%
11/4/2022,13.06,12.52,13.24,12.19,2.89M,6.44%
11/7/2022,13.55,13.19,13.55,12.03,4.59M,3.75%
11/8/2022,12.74,13.35,13.45,12.67,2.78M,-5.98%
11/9/2022,12.05,11.84,12.12,11.3,1.98M,-5.42%
11/10/2022,11.86,12.43,12.47,11.36,1.63M,-1.58%
11/11/2022,12.91,11.75,12.91,11.12,2.18M,8.85%
11/14/2022,11.66,12.65,12.7,11.56,2.71M,-9.68%
11/15/2022,11.42,11.66,11.89,10.47,3.70M,-2.06%
11/16/2022,10.6,11.26,11.37,9.7,2.84M,-7.18%
11/17/2022,9.47,10.16,10.54,9.18,2.85M,-10.66%
11/18/2022,9.97,9.52,10.19,9.46,2.19M,5.28%
11/21/2022,9.22,9.88,9.92,8.95,1.75M,-7.52%
11/22/2022,9.63,9.37,9.89,9.33,1.64M,4.45%
11/23/2022,9.47,9.57,10.08,9.08,1.97M,-1.66%
11/25/2022,9.53,9.36,9.79,9.17,904.45K,0.63%
11/28/2022,9.13,9.57,9.78,9.09,816.61K,-4.20%
11/29/2022,9.33,9.12,9.43,9.01,645.75K,2.19%
11/30/2022,9.52,9.35,9.71,9.08,989.01K,2.04%
12/1/2022,8.86,9.52,9.8,8.77,1.38M,-6.93%
12/2/2022,8.76,8.8,9.08,8.56,1.01M,-1.13%
12/5/2022,7.59,8.61,8.69,7.5,2.44M,-13.41%
12/6/2022,7.89,7.7,8.87,7.6,3.45M,4.02%
12/7/2022,7.7,7.7,8.15,7.52,1.10M,-2.41%
12/8/2022,7.84,7.98,7.98,7.59,914.46K,1.82%
12/9/2022,7.78,7.73,8.32,7.7,1.25M,-0.77%
12/12/2022,7.97,7.96,8.1,7.78,1.16M,2.44%
12/13/2022,8,8.04,8.35,7.77,1.26M,0.38%
12/14/2022,7.96,7.95,8.2,7.84,1.55M,-0.50%
12/15/2022,7.91,7.9,8.2,7.74,1.47M,-0.63%
12/16/2022,7.78,7.86,7.97,7.45,2.05M,-1.64%
12/19/2022,7.31,7.61,7.68,7.09,1.61M,-6.04%
12/20/2022,7.14,7.02,7.24,6.85,2.08M,-2.33%
12/21/2022,7.23,6.96,7.32,6.96,679.05K,1.26%
12/22/2022,6.77,7.02,7.23,6.77,800.37K,-6.36%
12/23/2022,6.38,6.83,6.83,6.32,1.20M,-5.76%
12/27/2022,6.43,6.31,6.6,6.16,754.61K,0.78%
12/28/2022,6.04,6.45,6.53,5.85,1.38M,-6.07%
12/29/2022,6.25,6.02,6.4,6.01,824.90K,3.48%
12/30/2022,5.95,6.12,6.25,5.81,1.56M,-4.80%
1/3/2023,6.28,6.07,6.45,6.07,969.51K,5.55%
1/4/2023,6.66,6.45,6.72,6.24,909.42K,6.05%
1/5/2023,6.02,6.6,6.65,5.99,1.28M,-9.61%
1/6/2023,6.76,6.25,6.92,6.05,1.24M,12.29%
1/9/2023,7.63,6.93,7.65,6.82,1.78M,12.87%
1/10/2023,8.43,7.77,8.43,7.74,1.52M,10.48%
1/11/2023,9.44,8.75,9.45,8.3,1.93M,11.98%
1/12/2023,9,9.38,9.58,8.5,1.45M,-4.66%
1/13/2023,9.33,8.82,9.42,8.8,926.13K,3.67%
1/17/2023,9.76,9.45,9.8,9.12,1.15M,4.61%
1/18/2023,9.98,10,10.38,9.58,1.89M,2.25%
1/19/2023,8.98,9.82,9.85,8.8,1.40M,-9.97%
1/20/2023,9.6,9.1,9.9,9,1.15M,6.79%
1/23/2023,9.94,9.67,10.05,9.4,852.12K,3.60%
1/24/2023,9.99,9.92,10.1,9.57,791.70K,0.50%
1/25/2023,9.89,9.88,10.43,9.57,1.07M,-1.00%
1/26/2023,9.85,9.95,10,9.77,527.03K,-0.40%
1/27/2023,9.95,9.84,10.18,9.76,762.40K,1.02%
1/30/2023,9.98,9.8,10.15,9.7,733.47K,0.30%
1/31/2023,10.05,9.97,10.26,9.94,582.65K,0.70%
2/1/2023,10.32,10.04,10.44,10,1.23M,2.69%
2/2/2023,10.19,10.45,10.54,10.06,1.30M,-1.26%
2/3/2023,10.09,10.11,10.3,9.9,755.70K,-0.98%
2/6/2023,10.04,9.91,10.15,9.76,432.93K,-0.50%
2/7/2023,10.22,9.95,10.22,9.9,549.51K,1.79%
2/8/2023,10,10.12,10.29,9.97,590.47K,-2.15%
2/9/2023,10.26,9.97,10.26,9.97,692.48K,2.60%
2/10/2023,8.87,10.2,10.2,8.75,1.68M,-13.55%
2/13/2023,9.08,9.38,9.5,9.01,696.96K,2.37%
2/14/2023,8.98,8.94,9.18,8.77,661.40K,-1.10%
2/15/2023,9.41,8.9,9.44,8.83,531.64K,4.79%
2/16/2023,9.41,9.35,9.79,9.16,564.05K,0.00%
2/17/2023,9.26,9.4,9.4,9.17,275.61K,-1.59%
2/21/2023,9.56,9.21,9.7,9.13,597.22K,3.24%
2/22/2023,9.57,9.5,9.77,9.47,477.55K,0.10%
2/23/2023,9.45,9.63,9.7,9.43,293.02K,-1.25%
2/24/2023,8.56,9.25,9.38,8.5,998.74K,-9.42%
2/27/2023,8.38,8.8,8.82,8.19,856.11K,-2.10%
2/28/2023,8.06,8.32,8.52,8.04,720.51K,-3.82%
3/1/2023,7.88,8.15,8.23,7.81,773.41K,-2.23%
3/2/2023,8.34,7.87,8.52,7.72,635.94K,5.84%
3/3/2023,8.48,8.45,8.59,8.29,485.39K,1.68%
3/6/2023,9.34,8.66,10.04,8.63,2.47M,10.14%
3/7/2023,9.48,9.3,9.99,9.22,1.27M,1.50%
3/8/2023,9.69,9.65,9.94,9.53,1.08M,2.22%
3/9/2023,9.21,9.74,9.94,9.2,856.70K,-4.95%
3/10/2023,8.88,9.17,9.4,8.82,970.95K,-3.58%
3/13/2023,8.88,8.66,9,8.43,858.64K,0.00%
3/14/2023,9.28,8.83,9.39,8.83,790.80K,4.50%
3/15/2023,8.48,9.1,9.24,8.47,974.21K,-8.62%
3/16/2023,8.09,8.52,8.7,8.02,1.47M,-4.60%
3/17/2023,7.96,8.11,8.17,7.9,5.61M,-1.61%
3/20/2023,8.1,8.01,8.32,7.8,1.32M,1.76%
3/21/2023,8.25,8.24,8.52,8.13,889.62K,1.85%
3/22/2023,8.32,8.38,8.6,8.18,773.63K,0.85%
3/23/2023,8.45,8.43,8.69,8.31,764.42K,1.56%
3/24/2023,8.32,8.46,8.53,7.93,1.00M,-1.54%
3/27/2023,8.33,8.33,8.6,8.27,585.34K,0.12%
3/28/2023,8.86,8.35,8.91,8.34,713.96K,6.36%
3/29/2023,9.28,9,9.31,8.73,1.01M,4.80%
3/30/2023,9.34,9.42,9.49,8.88,4.78M,0.54%
3/31/2023,10,10.01,10.39,9.51,8.31M,7.12%
4/3/2023,9.42,10.03,10.34,9.16,2.13M,-5.80%
4/4/2023,9.26,9.47,9.83,9.07,3.22M,-1.70%
4/5/2023,8.61,9.14,9.18,8.51,1.54M,-7.02%
4/6/2023,8.94,8.62,9.01,8.51,819.95K,3.83%
4/10/2023,9,8.92,9.25,8.86,742.05K,0.67%
4/11/2023,9.11,9.05,9.37,8.95,889.55K,1.22%
4/12/2023,8.99,9.4,9.43,8.88,1.12M,-1.32%
4/13/2023,9.09,9.02,9.24,8.98,758.58K,1.11%
4/14/2023,9.34,9.07,9.38,8.8,915.02K,2.75%
4/17/2023,9.38,9.26,9.56,9.18,636.32K,0.43%
4/18/2023,9.36,9.44,9.5,9.24,523.86K,-0.21%
4/19/2023,9.31,9.3,9.55,9.15,935.81K,-0.53%
4/20/2023,8.93,9.18,9.31,8.88,895.99K,-4.08%
4/21/2023,8.68,9,9.08,8.53,1.05M,-2.80%
4/24/2023,9.2,8.65,9.6,8.36,4.37M,5.99%
4/25/2023,8.94,9.24,9.7,8.7,3.28M,-2.83%
4/26/2023,8.11,9.01,9.01,8.07,2.59M,-9.23%
4/27/2023,7.78,8.3,8.38,7.3,3.93M,-4.13%
4/28/2023,7.96,7.89,8.02,7.55,1.49M,2.31%
5/1/2023,8.3,8.08,8.34,7.82,1.26M,4.27%
5/2/2023,8.71,8.3,8.85,8.25,1.75M,4.94%
5/3/2023,8.65,8.66,8.7,8.19,1.20M,-0.69%
5/4/2023,8.88,8.63,8.88,8.5,805.06K,2.66%
5/5/2023,9.48,8.88,9.55,8.88,1.77M,6.76%
5/8/2023,9.88,9.4,9.92,9.3,1.71M,4.22%
5/9/2023,10.18,9.75,10.2,9.52,2.51M,3.04%
5/10/2023,9.57,9.61,9.85,8.95,1.93M,-5.99%
5/11/2023,9.96,9.51,10,9.31,1.79M,4.08%
5/12/2023,9.91,9.99,10.03,9.81,871.32K,-0.50%
5/15/2023,9.99,9.98,10.13,9.82,1.40M,0.81%
5/16/2023,9.62,9.64,9.79,9.23,1.37M,-3.70%
5/17/2023,10.11,9.59,10.13,9.44,1.37M,5.09%
5/18/2023,9.88,10.04,10.24,9.59,1.42M,-2.27%
5/19/2023,9.7,9.81,9.99,9.57,888.43K,-1.82%
5/22/2023,9.95,9.68,10.29,9.68,2.18M,2.58%
5/23/2023,10.19,9.82,10.19,9.82,1.26M,2.41%
5/24/2023,10.05,10.04,10.13,9.75,992.34K,-1.37%
5/25/2023,9.92,10.05,10.13,9.86,909.99K,-1.29%
5/26/2023,9.55,9.79,9.85,9.4,1.90M,-3.73%
5/30/2023,9.89,9.57,10.05,9.53,1.18M,3.56%
5/31/2023,9.87,9.75,10.05,9.72,836.21K,-0.20%
6/1/2023,9.75,9.77,9.97,9.64,651.57K,-1.22%
6/2/2023,10,9.76,10.03,9.76,907.48K,2.56%
6/5/2023,9.94,10,10.18,9.9,978.45K,-0.60%
6/6/2023,9.87,9.98,10.12,9.82,727.13K,-0.70%
6/7/2023,9.77,9.8,10.01,9.76,670.78K,-1.01%
6/8/2023,9.91,9.79,9.92,9.73,606.79K,1.43%
6/9/2023,10.36,9.91,10.46,9.87,2.15M,4.54%
6/12/2023,10.94,10.52,11.25,10.41,3.60M,5.60%
6/13/2023,10.17,10.91,11.07,10.13,2.57M,-7.04%
6/14/2023,9.95,10.19,10.25,9.65,2.55M,-2.16%
6/15/2023,10.03,9.83,10.08,9.7,2.02M,0.80%
6/16/2023,9.36,9.98,10.09,9.28,3.45M,-6.68%
6/20/2023,9.33,9.41,9.56,9.1,1.89M,-0.32%
6/21/2023,9.06,9.2,9.27,8.88,1.78M,-2.89%
6/22/2023,9.19,9.06,9.27,8.87,665.91K,1.43%
6/23/2023,9.23,9.15,9.29,8.95,749.35K,0.44%
6/26/2023,9.03,9.22,9.33,8.96,951.71K,-2.17%
6/27/2023,8.99,9,9.13,8.91,575.94K,-0.44%
6/28/2023,9.21,9.03,9.21,8.88,573.63K,2.45%
6/29/2023,9.11,9.22,9.25,9.08,441.11K,-1.09%
6/30/2023,8.92,9.21,9.23,8.91,592.92K,-2.09%
7/3/2023,8.7,8.98,8.98,8.61,826.07K,-2.47%
7/5/2023,8.66,8.71,8.92,8.58,1.39M,-0.46%
7/6/2023,8.53,8.63,8.63,8.2,1.11M,-1.50%
7/7/2023,8.44,8.53,8.74,8.42,879.67K,-1.06%
7/10/2023,8.49,8.47,8.55,8.38,463.98K,0.59%
7/11/2023,8.49,8.49,8.61,8.43,570.46K,0.00%
7/12/2023,8.61,8.65,8.69,8.47,738.57K,1.41%
7/13/2023,8.78,8.62,8.88,8.55,659.89K,1.97%
7/14/2023,8.3,8.72,8.76,8.23,1.20M,-5.47%
7/17/2023,8.31,8.3,8.41,8.22,790.35K,0.12%
7/18/2023,8.23,8.35,8.35,8.14,895.00K,-0.96%
7/19/2023,8.22,8.28,8.36,8.19,825.40K,-0.12%
7/20/2023,8.2,8.18,8.33,8.11,859.99K,-0.24%
7/21/2023,7.94,8.21,8.61,7.88,6.84M,-3.17%
7/24/2023,8,7.97,8.08,7.77,1.23M,0.76%
7/25/2023,8.01,8.02,8.1,7.95,797.01K,0.13%
7/26/2023,8.23,8.01,8.23,7.9,726.79K,2.75%
7/27/2023,8.18,8.23,8.58,8.15,1.07M,-0.61%
7/28/2023,8.55,8.2,8.57,8.15,818.54K,4.52%
7/31/2023,8.62,8.59,8.64,8.45,717.70K,0.82%
8/1/2023,8.8,8.6,8.89,8.43,936.19K,2.09%
8/2/2023,8.25,8.69,8.69,8.2,808.61K,-6.25%
8/3/2023,8.15,8.21,8.37,8.07,640.81K,-1.21%
8/4/2023,8.14,8.13,8.28,8.05,515.10K,-0.12%
8/7/2023,8.18,8.14,8.26,7.97,614.79K,0.49%
8/8/2023,8.19,8.1,8.23,7.97,606.81K,0.12%
8/9/2023,8.05,8.23,8.49,8,963.77K,-1.71%
8/10/2023,8.16,8.06,8.28,8.02,580.58K,1.37%
8/11/2023,8.22,8.05,8.24,8.05,585.56K,0.74%
8/14/2023,8.24,8.22,8.27,7.95,2.17M,0.24%
8/15/2023,7.09,7.8,7.89,7.04,4.22M,-14.02%
8/16/2023,7.09,7.12,7.24,6.83,1.92M,0.14%
8/17/2023,7.24,7.17,7.35,7.05,1.07M,2.04%
8/18/2023,7.02,7.22,7.32,7.01,964.90K,-3.04%
8/21/2023,6.97,7.08,7.17,6.81,1.26M,-0.71%
8/22/2023,7.08,7.04,7.19,6.87,1.57M,1.58%
8/23/2023,7.26,7.08,7.31,7.03,834.41K,2.54%
8/24/2023,7.12,7.29,7.33,7.1,687.82K,-1.93%
8/25/2023,7.35,7.12,7.41,7.09,806.04K,3.23%
8/28/2023,7.74,7.35,7.76,7.34,789.37K,5.31%
8/29/2023,8.09,7.73,8.12,7.69,850.35K,4.52%
8/30/2023,8.23,8.07,8.39,7.96,1.04M,1.73%
8/31/2023,8.37,8.22,8.59,8.2,783.70K,1.70%
9/1/2023,7.88,8.39,8.54,7.8,1.11M,-5.85%
9/5/2023,7.75,7.77,7.93,7.42,833.31K,-1.65%
9/6/2023,7.35,7.75,7.75,7.29,1.29M,-5.16%
9/7/2023,7.16,7.4,7.4,7.09,560.33K,-2.59%
9/8/2023,7.12,7.17,7.23,7.05,608.72K,-0.56%
9/11/2023,6.91,7.15,7.17,6.9,909.24K,-2.95%
9/12/2023,6.89,6.94,7.22,6.85,926.41K,-0.29%
9/13/2023,7.01,6.87,7.03,6.82,585.56K,1.74%
9/14/2023,7.01,6.99,7.17,6.97,555.14K,0.00%
9/15/2023,6.79,6.95,6.95,6.62,1.91M,-3.14%
9/18/2023,5.93,6.56,6.68,5.85,5.83M,-12.67%
9/19/2023,5.65,5.89,5.9,5.3,5.24M,-4.72%
9/20/2023,5.52,5.6,5.72,5.27,3.61M,-2.30%
9/21/2023,5.23,5.57,5.57,5.11,3.20M,-5.25%
9/22/2023,4.86,5.28,5.36,4.86,3.90M,-7.07%
9/25/2023,4.7,4.95,4.96,4.51,3.80M,-3.29%
9/26/2023,4.77,4.72,4.97,4.6,2.89M,1.49%
9/27/2023,5.13,4.88,5.39,4.77,2.56M,7.55%
9/28/2023,5.38,5.15,5.5,5.12,1.67M,4.87%
9/29/2023,5.1,5.4,5.42,5.04,1.58M,-5.20%
10/2/2023,4.98,5.08,5.32,4.94,1.20M,-2.35%
10/3/2023,5.05,4.98,5.09,4.88,793.00K,1.41%
10/4/2023,5.2,5.07,5.33,5.07,682.69K,2.97%
10/5/2023,5.13,5.22,5.25,5.05,1.05M,-1.35%
10/6/2023,5.05,5,5.09,5,1.28M,-1.56%
10/9/2023,5.1,5.02,5.1,5.01,607.69K,0.99%
10/10/2023,5.2,5.12,5.25,5.09,833.65K,1.96%
10/11/2023,5.19,5.2,5.24,5.15,679.54K,-0.19%
10/12/2023,5.07,5.16,5.2,5.06,661.95K,-2.31%
10/13/2023,5.04,5.05,5.06,4.96,785.37K,-0.59%
10/16/2023,5.18,5.09,5.22,5.07,845.56K,2.78%
10/17/2023,5.36,5.14,5.4,5.11,807.58K,3.47%
10/18/2023,5.28,5.37,5.37,5.17,476.21K,-1.49%
10/19/2023,5.29,5.3,5.49,5.27,722.88K,0.19%
10/20/2023,5.22,5.28,5.29,5.12,513.77K,-1.32%
10/23/2023,5.15,5.15,5.31,5.07,595.65K,-1.34%
10/24/2023,5.04,5.2,5.31,4.98,726.10K,-2.14%
10/25/2023,5,5,5.07,4.92,940.95K,-0.79%
10/26/2023,5.01,5,5.05,4.97,622.10K,0.20%
10/27/2023,4.83,4.99,5.03,4.8,906.95K,-3.59%
10/30/2023,4.82,4.89,4.97,4.78,527.27K,-0.21%
10/31/2023,4.49,4.8,4.85,4.45,1.66M,-6.85%
11/1/2023,4.61,4.53,4.68,4.48,601.54K,2.67%
11/2/2023,5.1,4.65,5.19,4.65,1.15M,10.63%
11/3/2023,5,5.18,5.32,5,762.50K,-1.96%
11/6/2023,4.78,5.05,5.09,4.77,663.70K,-4.40%
11/7/2023,4.95,4.77,5,4.76,636.83K,3.56%
11/8/2023,4.85,5,5,4.79,533.82K,-2.02%
11/9/2023,4.71,4.85,4.87,4.7,558.23K,-2.89%
11/10/2023,4.69,4.76,4.76,4.55,746.72K,-0.42%
11/13/2023,4.5,4.67,4.67,4.44,1.56M,-4.05%
11/14/2023,4.74,4.45,4.89,4.33,2.15M,5.33%
11/15/2023,4.95,4.75,5.14,4.75,1.58M,4.43%
11/16/2023,4.67,4.91,4.92,4.59,939.40K,-5.66%
11/17/2023,5.06,4.67,5.11,4.67,1.15M,8.35%
11/20/2023,5.1,5.01,5.21,4.93,1.01M,0.79%
11/21/2023,5.01,5.1,5.11,4.78,944.19K,-1.76%
11/22/2023,5.08,5.01,5.13,4.97,729.92K,1.40%
11/24/2023,5.14,5.07,5.27,5.05,576.86K,1.18%
11/27/2023,4.63,5.07,5.12,4.6,3.04M,-10.02%
11/28/2023,4.65,4.74,4.77,4.44,1.55M,0.54%
11/29/2023,4.52,4.7,4.77,4.48,1.41M,-2.80%
11/30/2023,4.43,4.53,4.55,4.41,1.35M,-1.99%
12/1/2023,4.62,4.43,4.62,4.33,1.42M,4.29%
12/4/2023,4.55,4.54,4.65,4.52,916.64K,-1.52%
12/5/2023,4.49,4.55,4.56,4.45,740.63K,-1.32%
12/6/2023,4.59,4.49,4.62,4.44,775.60K,2.23%
12/7/2023,4.55,4.58,4.66,4.35,1.81M,-0.87%
12/8/2023,4.69,4.61,4.75,4.53,1.12M,3.08%
12/11/2023,4.51,4.68,4.73,4.44,1.45M,-3.84%
12/12/2023,4.48,4.55,4.57,4.4,956.77K,-0.67%
12/13/2023,4.73,4.45,4.77,4.4,1.71M,5.58%
12/14/2023,5.08,4.79,5.28,4.79,2.86M,7.40%
12/15/2023,4.85,5.16,5.19,4.81,2.55M,-4.53%
12/18/2023,4.91,4.93,5.01,4.76,1.18M,1.24%
12/19/2023,5.05,4.95,5.13,4.93,1.22M,2.85%
12/20/2023,4.83,5.02,5.08,4.81,1.51M,-4.36%
12/21/2023,4.94,4.95,4.99,4.83,1.17M,2.28%
12/22/2023,4.85,4.87,5.09,4.81,1.27M,-1.82%
12/26/2023,5,4.82,5.02,4.79,979.24K,3.09%
12/27/2023,4.65,4.95,5.01,4.65,2.07M,-7.00%
12/28/2023,4.65,4.73,4.8,4.55,1.69M,0.00%
12/29/2023,4.49,4.6,4.65,4.44,2.17M,-3.44%
1/2/2024,4.34,4.5,4.5,4.31,1.26M,-3.34%
1/3/2024,4.31,4.34,4.38,4.15,1.06M,-0.69%
1/4/2024,4.34,4.34,4.39,4.26,942.01K,0.70%
1/5/2024,4.31,4.36,4.39,4.25,1.03M,-0.69%
1/8/2024,4.32,4.3,4.37,4.25,850.35K,0.23%
1/9/2024,4.13,4.3,4.33,4.1,1.49M,-4.40%
1/10/2024,4.03,4.18,4.18,3.91,1.69M,-2.42%
1/11/2024,3.71,3.99,4.03,3.69,2.36M,-7.94%
1/12/2024,3.39,3.71,3.77,3.33,3.31M,-8.63%
1/16/2024,3.92,3.51,4,3.48,3.64M,15.63%
1/17/2024,3.61,3.91,3.91,3.53,2.61M,-7.91%
1/18/2024,3.47,3.66,3.7,3.37,1.53M,-3.88%
1/19/2024,3.59,3.51,3.64,3.39,1.82M,3.46%
1/22/2024,4.89,4.02,4.97,3.8,23.58M,36.21%
1/23/2024,6.5,5.98,7.02,5.13,89.80M,32.92%
1/24/2024,5.68,6.37,6.44,5.33,30.39M,-12.62%
1/25/2024,5.41,5.93,5.99,5.25,10.88M,-4.67%
1/26/2024,6.04,5.48,6.38,5.36,18.66M,11.54%
1/29/2024,6.49,6.09,6.69,6.05,10.82M,7.45%
1/30/2024,6.09,6.38,6.4,5.82,6.73M,-6.16%
1/31/2024,6.85,6.02,7.15,5.95,11.71M,12.48%
2/1/2024,6.92,7.17,7.6,6.43,12.01M,1.02%
2/2/2024,6.91,6.82,7.32,6.66,6.01M,-0.14%
2/5/2024,7.1,6.81,7.34,6.55,8.83M,2.75%
2/6/2024,7.73,7.14,7.98,6.98,10.60M,8.87%
2/7/2024,8.06,7.7,8.21,7.26,9.28M,4.27%
2/8/2024,7.97,8,8.36,7.8,7.16M,-1.12%
2/9/2024,7.89,8,8.15,7.63,4.41M,-1.00%
2/12/2024,7.42,7.89,8.14,7.25,5.00M,-5.96%
2/13/2024,6.9,7.11,7.27,6.75,3.82M,-7.01%
2/14/2024,7.13,7.11,7.18,6.91,2.84M,3.33%
2/15/2024,7.61,7.45,8.02,7.3,4.77M,6.73%
2/16/2024,7.52,7.49,7.96,7.32,5.21M,-1.18%
2/20/2024,7.05,7.5,7.5,6.93,3.27M,-6.25%
2/21/2024,7.2,7.03,7.32,6.92,2.62M,2.13%
2/22/2024,7.19,7.16,7.29,7.01,2.22M,-0.14%
2/23/2024,6.7,7.12,7.16,6.68,2.49M,-6.82%
2/26/2024,6.83,6.97,6.99,6.73,1.80M,1.94%
2/27/2024,6.82,6.82,7.12,6.8,1.66M,-0.15%
2/28/2024,6.37,6.76,6.77,6.22,2.75M,-6.60%
2/29/2024,6.53,6.42,6.72,6.35,2.22M,2.51%
3/1/2024,6.61,6.64,6.73,6.49,1.67M,1.23%
3/4/2024,7.21,6.7,7.3,6.56,5.59M,9.08%
3/5/2024,7.04,7.25,7.4,6.69,3.20M,-2.36%
3/6/2024,6.73,7.02,7.09,6.4,2.94M,-4.40%
3/7/2024,6.75,6.69,6.9,6.62,1.33M,0.30%
3/8/2024,6.74,6.76,7.18,6.66,1.99M,-0.15%
3/11/2024,6.68,6.69,6.75,6.55,1.12M,-0.89%
3/12/2024,7.9,7.01,8.15,6.76,11.39M,18.26%
3/13/2024,8.48,7.83,9.2,7.65,15.87M,7.34%
3/14/2024,7.73,8.64,8.78,7.5,5.95M,-8.84%
3/15/2024,7.72,7.75,8.15,7.57,3.60M,-0.13%
3/18/2024,7.63,7.74,7.87,7.42,2.14M,-1.23%
3/19/2024,7.63,7.65,7.65,7.31,1.74M,0.07%
3/20/2024,7.95,7.6,8.07,7.56,3.38M,4.19%
3/21/2024,7.72,7.95,8.03,7.56,1.95M,-2.89%
3/22/2024,7.29,7.65,7.87,7.16,2.58M,-5.57%
3/25/2024,7.46,7.4,7.55,7.18,2.56M,2.33%
3/26/2024,8.61,7.6,9.09,7.52,12.51M,15.42%
3/27/2024,8.5,8.68,8.94,8.17,5.45M,-1.28%
3/28/2024,8.08,8,8.55,7.69,4.68M,-4.94%
4/1/2024,7.24,7.97,7.98,6.9,7.32M,-10.40%
4/2/2024,7.32,7.14,7.43,7,2.85M,1.10%
4/3/2024,6.68,7.2,7.28,6.64,3.99M,-8.74%
4/4/2024,6.67,6.79,6.89,6.65,1.73M,-0.15%
4/5/2024,6.43,6.65,6.65,6.3,2.69M,-3.60%
4/8/2024,6.53,6.47,6.59,6.2,1.54M,1.56%
4/9/2024,6.76,6.55,6.8,6.51,1.56M,3.52%
4/10/2024,6.9,6.53,6.99,6.5,1.58M,2.07%
4/11/2024,6.72,6.9,6.92,6.63,893.82K,-2.61%
4/12/2024,6.36,6.62,6.71,6.31,1.32M,-5.36%
4/15/2024,6.1,6.33,6.39,6.02,1.60M,-4.09%
4/16/2024,6.05,6.01,6.38,5.96,1.34M,-0.82%
4/17/2024,6.17,6.05,6.36,6.04,1.34M,1.98%
4/18/2024,6.29,6.24,6.42,6.05,1.05M,1.94%
4/19/2024,6.23,6.28,6.32,5.98,1.17M,-0.95%
4/22/2024,6.23,6.25,6.32,6.12,759.11K,0.00%
4/23/2024,6.43,6.2,6.46,6.12,973.55K,3.21%
4/24/2024,6.54,6.48,6.65,6.42,717.15K,1.71%
4/25/2024,6.54,6.47,6.59,6.38,575.29K,0.00%
4/26/2024,6.53,6.62,6.82,6.51,779.79K,-0.15%
4/29/2024,6.93,6.57,6.97,6.52,1.36M,6.13%
4/30/2024,7.06,6.87,7.07,6.72,1.18M,1.88%
5/1/2024,6.7,7.02,7.05,6.51,1.58M,-5.10%
5/2/2024,6.78,6.85,6.88,6.63,784.30K,1.19%
5/3/2024,6.98,6.92,6.99,6.79,630.66K,2.95%
5/6/2024,6.88,6.83,6.99,6.77,800.25K,-1.43%
5/7/2024,6.85,6.88,7.07,6.81,1.01M,-0.44%
5/8/2024,6.73,6.8,6.82,6.66,709.27K,-1.75%
5/9/2024,6.89,6.64,6.98,6.64,823.01K,2.38%
5/10/2024,6.77,6.93,6.97,6.72,917.63K,-1.74%
5/13/2024,6.98,6.79,7.1,6.78,1.36M,3.10%
5/14/2024,7.15,6.94,7.4,6.94,3.36M,2.44%
5/15/2024,7.15,6.94,7.25,6.56,3.12M,0.00%
5/16/2024,7.25,7.11,7.3,7.07,1.34M,1.40%
5/17/2024,7.38,7.23,7.39,7.14,1.14M,1.79%
5/20/2024,7.41,7.29,7.67,7.27,1.36M,0.41%
5/21/2024,7.31,7.36,7.5,7.27,852.02K,-1.35%
5/22/2024,7.01,7.34,7.47,7.01,893.46K,-4.10%
5/23/2024,7,7,7.07,6.9,913.56K,-0.14%
5/24/2024,7.04,7.09,7.18,6.98,612.34K,0.57%
5/28/2024,6.71,7,7.01,6.62,1.30M,-4.69%
5/29/2024,6.56,6.58,6.64,6.52,739.36K,-2.24%
5/30/2024,6.49,6.62,6.65,6.45,914.54K,-1.07%
5/31/2024,6.3,6.54,6.57,6.28,2.22M,-2.93%
6/3/2024,6.1,6.38,6.39,6,2.03M,-3.17%
6/4/2024,6.03,6.09,6.1,5.93,1.45M,-1.15%
6/5/2024,6.15,6.05,6.24,5.9,1.37M,1.99%
6/6/2024,6.13,6.07,6.18,5.97,823.47K,-0.33%
6/7/2024,6.06,6,6.2,5.98,639.72K,-1.14%
6/10/2024,5.81,6.04,6.04,5.8,1.14M,-4.13%
6/11/2024,5.69,5.75,5.78,5.52,1.30M,-2.07%
6/12/2024,5.81,5.76,5.95,5.76,941.05K,2.11%
6/13/2024,5.76,5.82,5.82,5.65,586.59K,-0.86%
6/14/2024,5.62,5.7,5.77,5.59,850.91K,-2.43%
6/17/2024,5.68,5.59,5.75,5.5,1.18M,1.07%
6/18/2024,5.57,5.67,5.7,5.52,954.55K,-1.94%
6/20/2024,5.33,5.5,5.54,5.31,1.85M,-4.31%
6/21/2024,5.22,5.33,5.36,5.16,2.05M,-2.06%
6/24/2024,5.44,5.22,5.52,5.22,1.21M,4.21%
6/25/2024,5.5,5.42,5.53,5.37,1.01M,1.10%
6/26/2024,5.58,5.42,5.6,5.4,769.23K,1.45%
6/27/2024,5.73,5.67,5.86,5.54,2.29M,2.69%
6/28/2024,5.55,5.83,5.83,5.53,1.35M,-3.14%
7/1/2024,5.76,5.55,5.76,5.52,736.41K,3.78%
7/2/2024,5.68,5.75,5.76,5.46,759.30K,-1.39%
7/3/2024,5.75,5.68,5.85,5.62,489.89K,1.23%
7/5/2024,5.58,5.68,5.72,5.51,657.51K,-2.96%
7/8/2024,5.71,5.57,5.76,5.48,640.60K,2.33%
7/9/2024,5.62,5.68,5.73,5.61,467.44K,-1.58%
7/10/2024,5.63,5.74,5.74,5.6,678.86K,0.18%
7/11/2024,5.56,5.7,5.75,5.51,696.33K,-1.24%
7/12/2024,5.94,5.62,5.94,5.61,1.45M,6.83%
7/15/2024,7.17,6.71,7.6,6.06,17.63M,20.71%
7/16/2024,7.11,7.08,7.21,6.62,3.72M,-0.84%
7/17/2024,6.97,6.89,7.11,6.7,2.00M,-2.04%
7/18/2024,6.72,6.95,7.58,6.58,3.55M,-3.52%
7/19/2024,6.49,6.67,6.7,6.36,1.53M,-3.42%
7/22/2024,6.95,6.52,6.95,6.48,1.45M,7.09%
7/23/2024,6.86,6.91,6.97,6.68,979.98K,-1.22%
7/24/2024,6.36,6.74,6.79,6.16,1.75M,-7.36%
7/25/2024,6.58,6.32,6.64,6.32,867.58K,3.46%
7/26/2024,6.75,6.64,6.79,6.52,898.57K,2.58%
7/29/2024,6.37,6.73,6.77,6.24,1.07M,-5.63%
7/30/2024,6.2,6.36,6.4,6.13,743.57K,-2.67%
7/31/2024,6.32,6.23,6.38,6.12,912.46K,1.94%
8/1/2024,6.15,6.39,6.39,6.01,821.18K,-2.69%
8/2/2024,6.02,5.95,6.14,5.84,1.12M,-2.11%
8/5/2024,5.91,5.51,5.99,5.48,1.41M,-1.83%
8/6/2024,5.83,5.94,5.95,5.67,1.04M,-1.35%
8/7/2024,5.54,5.89,5.97,5.54,903.01K,-4.97%
8/8/2024,5.81,5.59,5.85,5.54,765.14K,4.87%
8/9/2024,5.85,5.95,5.95,5.7,774.64K,0.69%
8/12/2024,5.75,5.86,5.95,5.56,2.29M,-1.71%
8/13/2024,6.06,6,6.16,5.59,2.09M,5.39%
8/14/2024,6.05,6.12,6.21,5.84,1.49M,-0.17%
8/15/2024,6.29,6.1,6.37,6.1,1.03M,3.97%
8/16/2024,6.3,6.38,6.45,6.25,752.70K,0.16%
8/19/2024,6.41,6.26,6.46,6.25,658.30K,1.75%
8/20/2024,6.17,6.4,6.47,6.13,635.19K,-3.74%
8/21/2024,6.29,6.16,6.36,6.12,614.30K,1.94%
8/22/2024,6.12,6.28,6.28,6.11,429.37K,-2.70%
8/23/2024,5.93,6.12,6.35,5.92,1.40M,-3.10%
8/26/2024,5.99,5.96,6.04,5.92,586.15K,1.01%
8/27/2024,5.97,5.92,6.03,5.88,416.64K,-0.33%
8/28/2024,5.84,5.95,5.99,5.82,491.31K,-2.18%
8/29/2024,5.58,5.88,5.93,5.57,1.18M,-4.45%
8/30/2024,5.75,5.63,5.81,5.55,864.84K,3.05%
9/3/2024,5.49,5.65,5.72,5.46,797.50K,-4.52%
9/4/2024,5.55,5.46,5.68,5.43,587.79K,1.09%
9/5/2024,5.59,5.55,5.67,5.53,459.40K,0.72%
9/6/2024,5.08,5.63,5.63,5.07,1.27M,-9.12%
9/9/2024,5.12,5.08,5.19,5.06,706.87K,0.79%
9/10/2024,5.41,5.15,5.45,5.15,983.37K,5.66%
9/11/2024,5.19,5.3,5.34,4.92,1.37M,-4.07%
9/12/2024,5.46,5.2,5.53,5.18,696.13K,5.20%
9/13/2024,5.71,5.5,5.76,5.49,1.05M,4.58%
9/16/2024,5.65,5.63,5.68,5.53,606.64K,-1.05%
9/17/2024,5.55,5.61,5.8,5.55,622.06K,-1.77%
9/18/2024,5.27,5.61,5.64,5.24,1.22M,-5.05%
9/19/2024,5.39,5.39,5.46,5.3,503.85K,2.28%
9/20/2024,5.21,5.37,5.39,5.21,926.06K,-3.34%
9/23/2024,5.05,5.2,5.2,5.03,949.66K,-3.07%
9/24/2024,5.18,5.06,5.2,5.05,628.35K,2.57%
9/25/2024,5.26,5.2,5.34,5.18,554.48K,1.54%
9/26/2024,5.26,5.3,5.42,5.25,633.92K,0.00%
9/27/2024,5.38,5.31,5.46,5.31,794.18K,2.28%
9/30/2024,5.36,5.35,5.53,5.33,613.87K,-0.37%
10/1/2024,5.22,5.4,5.4,5.18,755.64K,-2.61%
10/2/2024,5.18,5.2,5.24,5.14,476.48K,-0.77%
10/3/2024,5.23,5.17,5.26,5.09,741.11K,0.97%
10/4/2024,5.43,5.29,5.49,5.2,806.00K,3.82%
10/7/2024,5.37,5.43,5.47,5.27,550.64K,-1.10%
10/8/2024,5.36,5.35,5.48,5.22,916.52K,-0.19%
10/9/2024,5.24,5.41,5.41,5.2,741.46K,-2.24%
10/10/2024,5.29,5.23,5.4,5.21,727.98K,0.95%
10/11/2024,5.39,5.33,5.51,5.32,817.14K,1.89%
10/14/2024,5.47,5.41,5.56,5.32,1.79M,1.48%
10/15/2024,5.96,5.7,6.56,5.6,7.44M,8.96%
10/16/2024,5.88,6.05,6.09,5.74,1.80M,-1.34%
10/17/2024,5.68,5.84,5.86,5.64,1.15M,-3.40%
10/18/2024,5.71,5.7,6.03,5.64,1.25M,0.53%
10/21/2024,5.61,5.65,5.69,5.48,1.20M,-1.75%
10/22/2024,5.85,5.61,6.27,5.58,3.73M,4.28%
10/23/2024,5.6,6.2,6.38,5.53,5.72M,-4.27%
10/24/2024,5.5,5.6,5.69,5.34,2.94M,-1.79%
10/25/2024,5.68,5.51,5.86,5.48,2.17M,3.27%
10/28/2024,6.48,5.9,6.58,5.86,6.15M,14.08%
10/29/2024,6.45,6.66,6.84,5.93,6.07M,-0.46%
10/30/2024,5.91,6.29,6.39,5.9,2.93M,-8.37%
10/31/2024,5.84,5.9,5.98,5.7,1.57M,-1.18%
11/1/2024,5.8,5.88,5.96,5.77,1.21M,-0.68%
11/4/2024,5.77,5.7,5.8,5.59,1.73M,-0.52%
11/5/2024,5.95,5.96,6.02,5.77,2.95M,3.12%
11/6/2024,5.81,6.43,6.47,5.64,5.39M,-2.35%
11/7/2024,5.73,5.72,5.86,5.64,3.02M,-1.38%
11/8/2024,6.11,5.7,6.19,5.63,3.39M,6.63%
11/11/2024,7.21,6.2,7.29,6.14,6.97M,18.00%
11/12/2024,6.83,7.07,7.18,6.79,4.87M,-5.27%
11/13/2024,6.15,6.05,6.18,5.65,6.12M,-9.96%
11/14/2024,5.91,6.12,6.35,5.82,3.29M,-3.90%
11/15/2024,5.61,5.87,5.89,5.55,2.82M,-5.08%
11/18/2024,5.54,5.66,5.66,5.25,3.39M,-1.25%
11/19/2024,5.68,5.42,6,5.34,7.04M,2.53%
11/20/2024,6.03,5.98,6.48,5.77,6.26M,6.16%
11/21/2024,6.42,6.09,6.66,5.91,5.77M,6.47%
11/22/2024,6.49,6.42,6.63,6.29,2.32M,1.09%
11/25/2024,7.31,6.6,7.6,6.6,8.05M,12.63%
11/26/2024,7.04,7.3,7.78,6.94,5.99M,-3.69%
11/27/2024,7.13,7.12,7.22,6.86,2.35M,1.28%
11/29/2024,7.1,7.22,7.36,7.05,1.49M,-0.42%
12/2/2024,6.88,7.08,7.25,6.78,2.65M,-3.10%
12/3/2024,7.11,6.78,7.15,6.71,2.60M,3.34%
12/4/2024,7.34,7.1,7.48,6.98,2.79M,3.23%
12/5/2024,6.97,7.41,7.43,6.86,3.44M,-4.97%
12/6/2024,8.41,7.18,8.85,7.11,12.70M,20.57%
12/9/2024,8.13,8.38,8.79,8.04,4.20M,-3.33%
12/10/2024,8.15,8.06,8.47,7.94,3.18M,0.25%
12/11/2024,8.14,8.19,8.21,7.65,3.30M,-0.18%
12/12/2024,8.17,8.13,8.39,7.91,2.09M,0.43%
12/13/2024,8.3,8.13,8.43,8.02,2.45M,1.59%
12/16/2024,8.64,8.14,8.92,7.8,4.69M,4.10%
12/17/2024,8.09,8.61,8.64,8,3.23M,-6.37%
12/18/2024,7.42,8.09,8.14,7.29,3.10M,-8.28%
12/19/2024,7.27,7.52,7.65,7.19,2.70M,-2.02%
12/20/2024,7.19,7.19,7.38,6.94,9.66M,-1.10%
12/23/2024,13.03,10,14.63,9.66,86.39M,81.22%
12/24/2024,12.68,12.73,15.27,12.53,28.10M,-2.69%
12/26/2024,16.27,12.6,17.38,12.58,42.83M,28.31%
12/27/2024,15.23,17.2,17.4,14.67,16.20M,-6.39%
12/30/2024,13.84,15,15.1,13.33,7.57M,-9.13%
12/31/2024,13.01,13.96,14.23,12.86,5.46M,-6.00%
1/2/2025,12.4,13.03,13.29,11.99,6.24M,-4.69%
1/3/2025,13.43,12.34,13.51,12.18,6.34M,8.31%
1/6/2025,13.77,13.64,14.22,13.27,5.01M,2.53%
1/7/2025,13.28,13.78,14.27,13.1,3.91M,-3.56%
1/8/2025,11.65,12.93,13,11.45,4.96M,-12.27%
1/10/2025,10.96,11.39,11.64,10.86,4.11M,-5.92%
1/13/2025,10.92,11.31,11.65,10.65,4.58M,-0.36%
1/14/2025,10.21,10.97,11.05,10.06,4.28M,-6.50%
1/15/2025,10.88,10.89,11.26,10.59,3.61M,6.56%
1/16/2025,12.25,11.01,12.6,10.8,7.57M,12.59%
1/17/2025,12.9,12.45,13.07,12.12,6.15M,5.31%
1/21/2025,12.85,13,13.18,11.62,6.58M,-0.39%
1/22/2025,12.61,12.92,13.12,12.21,3.26M,-1.87%
1/23/2025,12.98,12.5,13.67,12.11,6.58M,2.93%
1/24/2025,13.61,13.17,14.19,13,5.50M,4.85%
1/27/2025,12.35,12.62,13.25,11.73,5.21M,-9.26%
1/28/2025,12.6,12.68,12.73,12.09,2.65M,2.02%
1/29/2025,12.2,12.71,12.94,12.11,2.00M,-3.17%
1/30/2025,12.12,12.35,12.68,12.01,2.03M,-0.66%
1/31/2025,12.38,12.17,13.13,12.07,3.51M,2.15%
2/3/2025,12.21,11.6,12.42,11.52,2.40M,-1.37%
2/4/2025,12.81,12.43,13.3,12.36,3.09M,4.91%
2/5/2025,13.13,12.75,13.43,12.67,2.77M,2.50%
2/6/2025,13.08,13.19,13.6,12.83,2.87M,-0.38%
2/7/2025,12.75,13.17,13.82,12.74,2.44M,-2.52%
2/10/2025,12.25,12.98,13.43,11.91,7.80M,-3.92%
2/11/2025,11.17,12.06,12.09,11.1,3.35M,-8.82%
2/12/2025,10.79,10.93,11.32,10.52,5.20M,-3.40%
2/13/2025,11.3,10.94,11.36,10.59,2.72M,4.73%
2/14/2025,11.52,11.65,11.96,11.46,2.62M,1.95%
2/18/2025,11.58,12.03,12.15,11.43,2.81M,0.52%
2/19/2025,11.38,11.55,11.7,11.2,2.62M,-1.73%
2/20/2025,11.12,11.12,11.25,10.59,2.49M,-2.28%
2/21/2025,10.5,11.23,11.31,10.46,2.71M,-5.58%
2/24/2025,9.8,10.32,10.4,9.52,3.60M,-6.67%
2/25/2025,9.41,9.62,9.79,9.21,3.36M,-3.98%
2/26/2025,9.29,9.53,9.75,9.21,2.00M,-1.28%
2/27/2025,9.18,9.56,9.68,9.06,2.48M,-1.18%
2/28/2025,9.32,9,9.62,8.82,2.88M,1.53%
3/3/2025,8.51,9.47,9.74,8.44,2.38M,-8.69%
3/4/2025,8.18,8.18,8.55,7.88,4.33M,-3.88%
3/5/2025,8.86,8.26,8.87,8.03,1.96M,8.31%
3/6/2025,8.48,8.51,8.93,8.33,1.96M,-4.29%
3/7/2025,8.38,8.32,8.72,8,2.49M,-1.18%
3/10/2025,7.98,8.08,8.32,7.74,2.98M,-4.77%
3/11/2025,7.79,7.98,8.17,7.62,2.31M,-2.38%
3/12/2025,8.21,8.09,8.34,7.84,2.29M,5.39%
3/13/2025,7.57,8.23,8.23,7.55,2.41M,-7.80%
3/14/2025,8.03,7.74,8.04,7.72,2.08M,6.08%
3/17/2025,8.11,8,8.32,7.85,1.78M,1.00%
3/18/2025,7.69,7.94,8.05,7.68,1.59M,-5.18%
3/19/2025,7.85,7.78,8.04,7.74,2.13M,2.08%
3/20/2025,7.74,7.72,7.96,7.63,1.81M,-1.40%
3/21/2025,7.74,7.56,7.8,7.42,4.81M,0.00%
3/24/2025,8.01,8.06,8.18,7.87,3.42M,3.49%
3/25/2025,8.03,7.85,8.47,7.65,4.83M,0.25%
3/26/2025,7.83,7.89,8.28,7.68,2.58M,-2.49%
3/27/2025,7.7,7.79,8.07,7.63,2.00M,-1.66%
3/28/2025,7.24,7.58,7.64,7.14,2.39M,-5.97%
3/31/2025,7.07,6.95,7.21,6.65,2.66M,-2.35%
4/1/2025,7.7,7.05,7.72,7.02,3.54M,8.91%
4/2/2025,8.06,7.44,8.18,7.4,2.88M,4.68%
4/3/2025,7.69,7.43,7.89,7.42,2.00M,-4.59%
4/4/2025,7.56,7.3,7.66,6.65,2.65M,-1.69%
4/7/2025,7.62,7.02,8.06,6.96,2.83M,0.79%
4/8/2025,6.94,7.82,7.98,6.79,2.39M,-8.92%
4/9/2025,8.15,6.92,8.16,6.92,2.95M,17.51%
4/10/2025,7.54,7.9,7.93,7.4,2.06M,-7.54%
4/11/2025,7.58,7.53,7.67,7.34,1.19M,0.53%
4/14/2025,7.41,7.93,7.93,7.16,1.92M,-2.24%
4/15/2025,7.18,7.29,7.49,7.1,2.01M,-3.10%
4/16/2025,7.08,7,7.2,6.86,1.28M,-1.39%
4/17/2025,7.16,7.18,7.23,6.99,1.27M,1.20%
4/21/2025,7.14,7.05,7.16,6.96,1.16M,-0.35%
4/22/2025,7.56,7.2,7.6,7.14,1.97M,5.88%
4/23/2025,7.93,7.94,8.14,7.81,1.66M,4.89%
4/24/2025,8.24,7.97,8.26,7.85,1.56M,3.91%
4/25/2025,8.08,8.2,8.36,8.07,1.42M,-1.94%
4/28/2025,8.11,8.1,8.21,7.88,1.20M,0.37%
4/29/2025,7.87,8.03,8.15,7.81,1.19M,-2.96%
4/30/2025,7.72,7.58,7.79,7.43,1.49M,-1.91%
5/1/2025,7.78,7.88,8.05,7.76,1.44M,0.78%
5/2/2025,8.06,7.94,8.17,7.9,1.33M,3.60%
5/5/2025,7.78,7.91,7.99,7.76,1.04M,-3.47%
5/6/2025,7.62,7.63,7.74,7.56,1.03M,-2.06%
5/7/2025,7.6,7.66,7.87,7.47,1.46M,-0.26%
5/8/2025,7.78,7.81,7.95,7.56,1.79M,2.37%
5/9/2025,9.3,7.97,10.29,7.88,10.42M,19.54%
5/12/2025,9.96,10.03,10.23,9.64,4.33M,7.10%
5/13/2025,10.56,10.06,10.83,9.93,4.65M,6.02%
5/14/2025,10.35,10.64,10.83,10.25,2.31M,-1.99%
5/15/2025,10.32,10.13,10.4,9.88,2.22M,-0.29%
5/16/2025,10.47,10.35,10.77,10.29,2.27M,1.45%
